number;adress;;;;;;;;
3012110000;ЗСБ Подразделение HR  г. Тюмень, ул. Рижская, 61 ;Удален;;;;;;;Ростелеком
3452687900;ЗСБ Подразделение HR  г. Тюмень, ул. Московский тракт, 14-А ;Удален;;;;;;;Русская компания
3452216214;ЗСБ Подразделение HR  г. Тюмень, ул. Профсоюзная, 52 ;Удален;;;;;;;Ростелеком
3812279887;ЗСБ Управление по работе с персоналом ГОСБ 8634  г. Омск ул. Маршала Жукова, 4/2 Номер телефона используется для массового подбора внешних кандидатов на вакансии ЕРКЦ, размещен на сайтах о поиске и подборе персонала,подключен IVR (порядка 10 сайтов о подборе персонала, печатная пресса, ВУЗы, СУЗы, и пр. ). ;Используется;;;;;;;Ростелеком
3812279610;ЗСБ Управление по работе с персоналом ГОСБ 8634  г. Омск ул. Маршала Жукова, 4/2 ;Удален;;;;;;;Ростелеком
3812279715;ЗСБ Управление по работе с персоналом ГОСБ 8634  г. Омск ул. Маршала Жукова, 4/2 Номер телефона указан в договорах, а также используется для коммуникации с внешними контрагентами, а так же для подбора руководящих позиций. Номер телефона Бизнес-партнера по управлению персоналом, подключен IVR (порядка 10 сайтов о подборе персонала, печатная пресса, ВУЗы, СУЗы, и пр. ). ;Используется;;;;;;;Ростелеком
3812279586;ЗСБ Управление по работе с персоналом ГОСБ 8634  г. Омск ул. Маршала Жукова, 4/2 ;Удален;;;;;;;Ростелеком
8182656363;СЗБ 8637 Группа вознаграждения и корпоративных льгот Управления по работе с персоналом г.Архангельск ул.Свободы, дом 26 ;Удален;;;;;;;Ростелеком
8182656057;СЗБ 8637 Группа подбора и карьерного развития Управления по работе с персоналом г.Архангельск ул.Свободы, дом 26 ;Удален;;;;;;;Ростелеком
8142710819;СЗБ 8628 Управление по работе с персоналом г.Петрозаводск, ул.Антикайнена, д.2 ;Удален;;;;;;;Ростелеком
8142719578;СЗБ 8628 Управление по работе с персоналом г.Петрозаводск, ул.Антикайнена, д.2 ;Удален;;;;;;;Ростелеком
4112393481;ББ Республика Саха/Якутия Управление по работе с персоналом г.Якутск, ул.Октябрьская,17 ;Удален;;;;;;;Ростелеком
3022336140;ББ Забайкальский край/Чита Управление по работе с персоналом г.Чита, ул.Костюшко-Григоровича, 5 ;Удален;;;;;;;Ростелеком
3022336477;ББ Забайкальский край/Чита Управление по работе с персоналом г.Чита, ул.Костюшко-Григоровича, 5 ;Удален;;;;;;;Ростелеком
3022336193;ББ Забайкальский край/Чита Управление по работе с персоналом г.Чита, ул.Костюшко-Григоровича, 5 ;Удален;;;;;;;Ростелеком
3022336139;ББ Забайкальский край/Чита Управление по работе с персоналом г.Чита, ул.Костюшко-Григоровича, 5 ;Удален;;;;;;;Ростелеком
3022336267;ББ Забайкальский край/Чита Управление по работе с персоналом г.Чита, ул.Костюшко-Григоровича, 5 ;Удален;;;;;;;Ростелеком
4112393373;ББ Республика Саха/Якутия Управление по работе с персоналом г.Якутск, ул.Октябрьская,17 ;Удален;;;;;;;Ростелеком
4112393391;ББ Республика Саха/Якутия Управление по работе с персоналом г.Якутск, ул.Октябрьская,17 ;Удален;;;;;;;Ростелеком
8332368966;ВВБ Кировский  610000 г. КИРОВ ул. ДЕРЕНДЯЕВА 25 ;Удален;;;;;;;Ростелеком
8332368985;ВВБ Кировский  610000 г. КИРОВ ул. ДЕРЕНДЯЕВА 25 Для  ежедневного мониторинга работных сайтов для поиска кандидатов на вакантные позиции, организации работы с учебными заведениями, Центрами занятости населения, связи с внешними кандидатами при трудоустройстве.;Используется;;;;;;;Ростелеком
8332369017;ВВБ Кировский  610000 г. КИРОВ ул. ДЕРЕНДЯЕВА 25 Для коммуникаций и обращений внешних клиентов по вопросам приема на работу, решения вопросов уже уволенных сотрудников, в том числе пенсионеров;Используется;;;;;;;Ростелеком
8352302090;ВВБ Чувашия  428032 г. ЧЕБОКСАРЫ пр-кт МОСКОВСКИЙ 3 ;Удален;;;;;;;Ростелеком
8352302135;ВВБ Чувашия  428032 г. ЧЕБОКСАРЫ пр-кт МОСКОВСКИЙ 3 8613-10/124   бизнес-партнер по управлению персоналом Чувашского отделения №8613 сообщает о необходимости сохранения следующих телефонных номеров: 302-089, 302-090. Данные контактные номера используются для входящей связи с внешними кандидатами. Номера удобны для запоминания и быстрой связи со специалистами по подбору.  Для связи с пенсионерами,  вопросам ДМС;Используется;;;;;;;Ростелеком
8362684207;ВВБ Марий Эл  424006 г. ЙОШКАР-ОЛА ул. КАРЛА МАРКСА 109Б на этот номер поступает много внешних звонков от кандидатов на трудоустройство, центра занятости населения, бывших сотрудников и т.д. ;Используется;;;;;;;Ростелеком
8342290904;ВВБ Мордовия  430033 г. САРАНСК пр-кт 70 ЛЕТ ОКТЯБРЯ 86 ;Удален;;;;;;;Ростелеком
8342290995;ВВБ Мордовия  430033 г. САРАНСК пр-кт 70 ЛЕТ ОКТЯБРЯ 86 телефон начальника отдела по работе с персоналом. Сотрудник занимается работой с персоналом всего отделения и бывшими сотрудниками отделения (в т.ч. с пенсионерами в части выплат пособий от Банка). Кроме того, по этому номеру обращаются внешние организации – ЦБ, ПФР, МинФин и пр.;Используется;;;;;;;Ростелеком
8342291239;ВВБ Мордовия  430033 г. САРАНСК пр-кт 70 ЛЕТ ОКТЯБРЯ 86 телефон сотрудника отдела по работе с персоналом. Сотрудник занимается работой с персоналом всего отделения и бывшими сотрудниками отделения , в т.ч. пенсионерами в части выдачи справок. Кроме того, по этому номеру обращаются внешние организации –ПФР, Центр занятости и пр.;Используется;;;;;;;Ростелеком
8342291257;ВВБ Мордовия  430033 г. САРАНСК пр-кт 70 ЛЕТ ОКТЯБРЯ 86 ;Удален;;;;;;;Ростелеком
3412489512;"ЗУБ Удмуртия  Г.ИЖЕВСК, ул. Красная, 105 8618Ф-30/93 от 01.12.2017 Данные сотрудники напрямую общаются с кандидатами при приеме на работу (внешние и внутренние клиенты). 
В настоящий момент некоторые кандидаты не отвечают на телефонные звонки сотрудника Банка, т.к. идёт звонок с единого номера. В случае недозвона сотрудника, кандидат не может перезвонить для уточнения вопроса.  Банк и Клиент теряют время при повторных звонках. 
";Используется;;;;;;;Ростелеком
3412631429;"ЗУБ Удмуртия  Г.ИЖЕВСК, ул. Красная, 105 8618Ф-30/93 от 01.12.2017 Данные сотрудники напрямую общаются с кандидатами при приеме на работу (внешние и внутренние клиенты). 
В настоящий момент некоторые кандидаты не отвечают на телефонные звонки сотрудника Банка, т.к. идёт звонок с единого номера. В случае недозвона сотрудника, кандидат не может перезвонить для уточнения вопроса.  Банк и Клиент теряют время при повторных звонках. 
";Используется;;;;;;;Ростелеком
3422100530;ЗУБ Пермь  Пермь ул Монастырская , 4 ;Удален;;;;;;;Ростелеком
3422102184;ЗУБ Пермь  Пермь ул Монастырская , 4 ;Удален;;;;;;;Ростелеком
3422102446;ЗУБ Пермь  Пермь ул Монастырская , 4 ;Удален;;;;;;;Ростелеком
3422102536;ЗУБ Пермь  Пермь ул Монастырская , 4 ;Удален;;;;;;;Ростелеком
3422102566;ЗУБ Пермь  Пермь ул Монастырская , 4 ;Удален;;;;;;;Ростелеком
3422102790;ЗУБ Пермь  Пермь ул Монастырская , 4 ;Удален;;;;;;;Ростелеком
3422184606;ЗУБ Пермь  Пермь ул Монастырская , 4 ;Удален;;;;;;;Ростелеком
3422184624;ЗУБ Пермь  Пермь ул Монастырская , 4 ;Удален;;;;;;;Ростелеком
3422184640;ЗУБ Пермь  Пермь ул Монастырская , 4 ;Удален;;;;;;;Ростелеком
3422184789;ЗУБ Пермь  Пермь ул Монастырская , 4 ;Удален;;;;;;;Ростелеком
3422185320;ЗУБ Пермь  Пермь ул Монастырская , 4 ;Удален;;;;;;;Ростелеком
3422189056;ЗУБ Пермь  Пермь ул Монастырская , 4 ;Удален;;;;;;;Ростелеком
3422191048;ЗУБ Пермь  Пермь ул Монастырская , 4 ;Удален;;;;;;;Ростелеком
3422191322;ЗУБ Пермь  Пермь ул Монастырская , 4 ;Удален;;;;;;;Ростелеком
3422191756;ЗУБ Пермь  Пермь ул Монастырская , 4 ;Удален;;;;;;;Ростелеком
3422199721;ЗУБ Пермь  Пермь ул Монастырская , 4 ;Удален;;;;;;;Ростелеком
3422199876;ЗУБ Пермь  Пермь ул Монастырская , 4 ;Удален;;;;;;;Ростелеком
8314622332;ВВБ Нижегородский  603005 г. НИЖНИЙ НОВГОРОД ул. ОКТЯБРЬСКАЯ 35 ;Удален;;;;;;;Ростелеком
8314622333;ВВБ Нижегородский  603005 г. НИЖНИЙ НОВГОРОД ул. ОКТЯБРЬСКАЯ 35 ;Удален;;;;;;;Ростелеком
8314622345;ВВБ Нижегородский  603005 г. НИЖНИЙ НОВГОРОД ул. ОКТЯБРЬСКАЯ 35 ;Удален;;;;;;;Ростелеком
8352302024;ВВБ Чувашия  428032 г. ЧЕБОКСАРЫ пр-кт МОСКОВСКИЙ 3 ;Удален;;;;;;;Ростелеком
8352302089;ВВБ Чувашия  428032 г. ЧЕБОКСАРЫ пр-кт МОСКОВСКИЙ 3 ;Удален;;;;;;;Ростелеком
8352302365;ВВБ Чувашия  428032 г. ЧЕБОКСАРЫ пр-кт МОСКОВСКИЙ 3 ;Удален;;;;;;;Ростелеком
4922407836;ВВБ Владимир  600015 Г.ВЛАДИМИР ПР-КТ.ЛЕНИНА 36 Для подбора кандидатов. За отделом по подбору персонала числится 1 номер.ЕКТС использовать не можем. Нам на этот номер звонят кандидаты. По ЕКТС они не дозваниваются, особенно с удаленных территорий.;Используется;;;;;;;Ростелеком
4752790748;ЦЧБ Тамбовское ГОСБ 8594/ УРМ Отдела сопровождения оформления документов Управления кадрового администрирования Центра HR  администрирования ПАО Сбербанк г. Тамбов   ул. Карла Маркса, д.130 ;Используется;;;;;;;Ростелеком
4752790559;ЦЧБ Тамбовское ГОСБ 8594/Управление по работе с персоналом г. Тамбов   ул.Карла Маркса 130 ;Используется;;;;;;;Ростелеком
4752790562;ЦЧБ Тамбовское ГОСБ 8594/Управление по работе с персоналом г. Тамбов   ул.Карла Маркса 130 ;Используется;;;;;;;Ростелеком
4752790775;ЦЧБ Тамбовское ГОСБ 8594/Управление по работе с персоналом г. Тамбов   ул.Карла Маркса 130 ;Используется;;;;;;;Ростелеком
4752798366;ЦЧБ Тамбовское ГОСБ 8594/Управление по работе с персоналом г. Тамбов   ул.Карла Маркса 130 ;Используется;;;;;;;Ростелеком
4752798369;ЦЧБ Тамбовское ГОСБ 8594/Управление по работе с персоналом г. Тамбов   ул.Карла Маркса 130 ;Используется;;;;;;;Ростелеком
4752790626;ЦЧБ Тамбовское ГОСБ 8594/УРМ Отдела сопровождения оформления документов Управления кадрового администрирования Центра HR  администрирования ПАО Сбербанк г. Тамбов   ул. Карла Маркса, д.131 ;Используется;;;;;;;Ростелеком
4732609560;"ЦЧБ Воронежское ГОСБ Отдел подбора и адаптации  Центра развития талантов  ЦЧБ  г. Воронеж  ул. 9 января, д. 28, каб. 903 Номер указан на объявлениях на сайтах, маркетинговой (буклеты, визитки, анкеты) и сувенирной продукции. Является входом для обращения внешних кандидатов. 
В связи с специфичностью рынка труда в г. Воронеже (11 ПЦП на территории) считаем целесообразным сохранить данный городской номер телефона.
";Используется;;;;;;;Ростелеком
4732679818;ЦЧБ Воронежское ГОСБ Отдел подбора и адаптации  Центра развития талантов  ЦЧБ  г. Воронеж  ул. 9 января, д. 28, каб. 903 ;Используется;;;;;;;Ростелеком
4712510611;ЦЧБ Курское ГОСБ Управление по работе с персоналом г. Курск, ул. Ленина 67а ;Используется;;;;;;;Ростелеком
4212473842;ДВБ 9070  г.Хабаровск, ул.Гамарника,12 ;Удален;;;;;;;Рэдком-Интернет
4232422138;ДВБ 8635  г.Владивосток, ул.Фонтанная,18 Управление по работе с персоналом;Используется;;;;;;;Ростелеком
4232422150;ДВБ 8635  г.Владивосток, ул.Фонтанная,18 Управление по работе с персоналом ГОСБ 8635 (Резникова А.А.) - ПЦЦ Воронеж;Используется;;;;;;;Ростелеком
3512391775;УБ Челябинская область HR Челябинского ГОСБ 8597 Челябинск, Энтузиастов, 9-А ;Удален;;;;;;;Ростелеком
3472234317;УБ Республика Башкортостан HR Башкирского ГОСБ 8598 Уфа ;Удален;;;;;;;Башинформсвязь
3522489638;УБ Курганская область HR Курганского ГОСБ 8599 г.Курган, ул.Гоголя 98 ;Удален;;;;;;;Ростелеком
8652320788;ЮЗБ Ставропольское ГОСБ (5230) Управление по работе с персоналом/группа подбора ЕРКЦ г. СТАВРОПОЛЬ ул. ЛЕНИНА д.361 индекс 355000 ;Удален;;;;;;;Ростелеком
8652320109;СКБ Ставропольское ГОСБ (5230) СГОСБ № 5230 Управление по работе с персоналом/группа подбора ГОСБ г. СТАВРОПОЛЬ ул. ЛЕНИНА д.361 индекс 355029 ;Удален;;;;;;;Ростелеком
8652320034;СКБ Ставропольское ГОСБ (5230) Управление по работе с персоналом/группа подбора ЦКР 355035, г.Ставрополь, пр-т Кулакова, дом 7 ;Удален;;;;;;;Ростелеком
8782220823;СКБ Карачаево-Черкесское ОСБ (8585) Карачаево-Черкесское ГОСБ № 8585 г. ЧЕРКЕССК ул. КРАСНОАРМЕЙСКАЯ д.66 индекс 369000 ;Удален;;;;;;;Ростелеком
8472245685;СКБ Калмыкское ОСБ (8579) Калмыцкое ГОСБ № 8579 КАЛМЫКИЯ   Элиста г. ул. ЛЕНИНА д.305 индекс 358000 ;Удален;;;;;;;Ростелеком
8632878057;"ЮЗБ Ростовский ГОСБ (5221) Аппарат_отдел подбора и адаптации персонала г. Ростов-на-Дону, ул. Евдокимова 37 каб. 228 Предложение: оставить 1 номер 8632878057. 
Обоснование: ""HR подразделениям важно использовать индивидуальные  городские номера телефонов в аппарате банка и ГОСБ (1 и 2 категории) в связи с:
 1. Ежедневным  взаимодействием  по вопросам трудоустройства с внешними кандидатами:
- количество заявок в месяц  от 400 до 500;
- количество входящих звонков у каждого рекрутера    в день  от 20 до 45.
2. Регулярное взаимодействие с внешними контрагентами:
- организация мероприятий для студентов и преподавателей высших учебных заведений  и средне-специальных учебных заведений на территории города и области;
- центр занятости населения (регулярные переговоры с направленными кандидатами по вопросу трудоустройства);
- средства массовой информации (сотрудничество с работными сайтами hh.ru, superjob, Авито  и.т.д.)
3. Сохранение имиджа Сбербанка  как работодателя, т.к. существует риск потери кандидата: 
-  из-за отсутствия переадресации (в текущей ситуации звонок переадресуется коллеге и есть возможность оперативно решить вопрос).
-отсутствие оператора и  возможности соединения с отделом подбора персонала, если кандидат не знает добавочный.""Центр развития талантов (на правах управления); Евдокимова 37 ";Используется;;;;;;;Ростелеком
8632878204;"ЮЗБ Ростовский ГОСБ (5221) Аппарат_отдел подбора и адаптации персонала г. Ростов-на-Дону, ул. Евдокимова 37 каб. 228 Предложение: оставить 1 номер 8632878057. 
Обоснование: ""HR подразделениям важно использовать индивидуальные  городские номера телефонов в аппарате банка и ГОСБ (1 и 2 категории) в связи с:
 1. Ежедневным  взаимодействием  по вопросам трудоустройства с внешними кандидатами:
- количество заявок в месяц  от 400 до 500;
- количество входящих звонков у каждого рекрутера    в день  от 20 до 45.
2. Регулярное взаимодействие с внешними контрагентами:
- организация мероприятий для студентов и преподавателей высших учебных заведений  и средне-специальных учебных заведений на территории города и области;
- центр занятости населения (регулярные переговоры с направленными кандидатами по вопросу трудоустройства);
- средства массовой информации (сотрудничество с работными сайтами hh.ru, superjob, Авито  и.т.д.)
3. Сохранение имиджа Сбербанка  как работодателя, т.к. существует риск потери кандидата: 
-  из-за отсутствия переадресации (в текущей ситуации звонок переадресуется коллеге и есть возможность оперативно решить вопрос).
-отсутствие оператора и  возможности соединения с отделом подбора персонала, если кандидат не знает добавочный.""Центр развития талантов (на правах управления); Евдокимова 37 ";Используется;;;;;;;Ростелеком
8622694184;ЮЗБ Сочинский ГОСБ (1806) Отдел подбора и карьерного развития УРМ Сочи,  г. Сочи , Войкова 2, каб. 212  ;Удален;;;;;;;МТС
8712629620;СКБ Чеченское ГОСБ (8643) Чеченское ГОСБ № 8643 г. Грозный, ул. Им. Шейха Али Митаева, д. 12 ;Удален;;;;;;;Электросвязь
8772532840;ЮЗБ Адыгейский ГОСБ (8620) Адыгейское ГОСБ № 8620 РЕСПУБЛИКА АДЫГЕЯ г. МАЙКОП ул. ДИМИТРОВА д.2 корп.А ;Удален;;;;;;;Ростелеком
8732229240;СКБ Ингушское ГОСБ (8633) Ингушское ГОСБ № 8633 366720, г. Назрань, ул.Московская, 27 ;Удален;;;;;;;Ростелеком
8672250668;СКБ Северо-Осетинское ГОСБ (8632) Северо-Осетинское ГОСБ № 8632 г. Владикавказ, ул. Коцоева, д. 68. ;Удален;;;;;;;Ростелеком
8662442789;СКБ Кабардино-Балкарское ОСБ (8631) Кабардино-Балкарское ГОСБ № 8631 г. Нальчик ул. ПУШКИНА д.33А   ;Удален;;;;;;;Ростелеком
8612190389;"ЮЗБ Краснодарский ГОСБ (8619) КГОСБ № 8619 Управление по работе с персоналом, отдел подбора и карьерного развития г. Краснодар, Красноармейская, 34. Каб.13.13 Договор 3048 от 06.02.2003 Обоснование: ""HR подразделениям важно использовать индивидуальные  городские номера телефонов в аппарате банка и ГОСБ (1 и 2 категории) в связи с:
 1. Ежедневным  взаимодействием  по вопросам трудоустройства с внешними кандидатами:
- количество заявок в месяц  от 400 до 500;
- количество входящих звонков у каждого рекрутера    в день  от 20 до 45.
2. Регулярное взаимодействие с внешними контрагентами:
- организация мероприятий для студентов и преподавателей высших учебных заведений  и средне-специальных учебных заведений на территории города и области;
- центр занятости населения (регулярные переговоры с направленными кандидатами по вопросу трудоустройства);
- средства массовой информации (сотрудничество с работными сайтами hh.ru, superjob, Авито  и.т.д.)
3. Сохранение имиджа Сбербанка  как работодателя, т.к. существует риск потери кандидата: 
-  из-за отсутствия переадресации (в текущей ситуации звонок переадресуется коллеге и есть возможность оперативно решить вопрос).
-отсутствие оператора и  возможности соединения с отделом подбора персонала, если кандидат не знает добавочный.""
 Центр развития талантов (на правах управления); Красноармейская, 34 ";Используется;;;;;;;Ростелеком
8612190173;ЮЗБ Краснодарский ГОСБ (8619) Учебный центр (на правах отдела) г. Краснодар, Красноармейская, 34. Каб.13.17 ;Удален;;;;;;;Ростелеком
8652308450;СКБ Ставропольское ГОСБ (5230) Учебный центр (на правах отдела) г. СТАВРОПОЛЬ ул. ЛЕНИНА д.361 индекс 355035 ;Удален;;;;;;;Ростелеком
8652308466;СКБ Ставропольское ГОСБ (5230) Учебный центр (на правах отдела) г. СТАВРОПОЛЬ ул. ЛЕНИНА д.361 индекс 355035 ;Удален;;;;;;;Ростелеком
8632878185;ЮЗБ Ростовский ГОСБ (5221) Учебный центр (на правах отдела) г. Ростов-на-Дону, ул. Евдокимова 37 каб. 210 ;Удален;;;;;;;Ростелеком
4872328989;СРБ 8604 Тульское головное отделение № 8604 300600, г. Тула, пл. Крестовоздвиженская 1 ;Удален;;;;;;;Ростелеком
4872245461;СРБ 8604 Тульское головное отделение № 8604 300600, г. Тула, пл. Крестовоздвиженская 1 ;Удален;;;;;;;Ростелеком
4872468359;СРБ МСЦ МСЦ Ясная Поляна г. Тула, ул. Коминтерна 390 ;Удален;;;;;;;Ростелеком
8442742023;ПВБ Волгоградское ГОСБ №8621   ;Используется;;;;;;;Ростелеком
8442742007;ПВБ Волгоградское ГОСБ №8621   ;Используется;;;;;;;Ростелеком
8442722142;ПВБ Волгоградское ГОСБ №8621   ;Используется;;;;;;;Ростелеком
8442742038;ПВБ Волгоградское ГОСБ №8621   ;Используется;;;;;;;Ростелеком
8442742752;ПВБ Волгоградское ГОСБ №8621   ;Используется;;;;;;;Ростелеком
8442965425;ПВБ Волгоградское ГОСБ №8621   ;Используется;;;;;;;Ростелеком
8442965411;ПВБ Волгоградское ГОСБ №8621   ;Используется;;;;;;;Ростелеком
8442965366;ПВБ Волгоградское ГОСБ №8621   ;Используется;;;;;;;Ростелеком
3832698401;СИББ 8047  Г.Новосибирск, Красный пр. 46 (300) ;Удален;;;;;;;Ростелеком
3832698482;СИББ 8047  Г.Новосибирск, Красный пр. 46 (301) ;Удален;;;;;;;Ростелеком
3852379978;СИББ 8644  г.Барнаул, пр. Красноармейский, 77б (501б) ;Удален;;;;;;;Ростелеком
3833582105;СИББ 8047  г.Новосибирск, мкр. Горский, 66 (303) ;Удален;;;;;;;Ростелеком
3833582121;СИББ 8047  г.Новосибирск, мкр. Горский, 66 (303) ;Удален;;;;;;;Ростелеком
3833582524;СИББ 8047  г.Новосибирск, мкр. Горский, 66 (303) Учебный центр Центра развития талантов Сибирского банка ПАО Сбербанк. Данный номер необходим для организации обучения, в рамках которого необходима возможность поступления звонков на городской номер;Используется;;;;;;;Ростелеком
3833582109;СИББ 8047  г.Новосибирск, мкр. Горский, 66 (303) ;Удален;;;;;;;Ростелеком
3833582114;СИББ 8047  г.Новосибирск, мкр. Горский, 66 (303) Учебный центр Центра развития талантов Сибирского банка ПАО Сбербанк. Данный номер необходим для организации обучения, в рамках которого необходима возможность поступления звонков на городской номер;Используется;;;;;;;Ростелеком
3833582529;СИББ 8047  г.Новосибирск, мкр. Горский, 66 (303) ;Удален;;;;;;;Ростелеком
3833582538;СИББ 8047  г.Новосибирск, мкр. Горский, 66 (303) Учебный центр Центра развития талантов Сибирского банка ПАО Сбербанк. Данный номер необходим для организации обучения, в рамках которого необходима возможность поступления звонков на городской номер;Используется;;;;;;;Ростелеком
3833582111;СИББ 8047  г.Новосибирск, мкр. Горский, 66 (303) ;Удален;;;;;;;Ростелеком
3822535304;СИББ 8616  г.Томск, ул.Московский тракт, 6/5 ;Удален;;;;;;;Ростелеком
3833582113;СИББ 8047  г.Новосибирск, мкр.Горский, 66 (311) ;Удален;;;;;;;Ростелеком
3833582110;СИББ 8047  г.Новосибирск, мкр.Горский, 66 (310) ;Удален;;;;;;;Ростелеком
3833582103;СИББ 8047  г.Новосибирск, мкр.Горский, 66 (303) ;Удален;;;;;;;Ростелеком
3832698405;СИББ 8047  Г.Новосибирск, Красный пр. 46 (313) ;Удален;;;;;;;Ростелеком
3832698435;СИББ 8047  Г.Новосибирск, Красный пр. 46 (313) ;Удален;;;;;;;Ростелеком
3832698411;СИББ 8047  Г.Новосибирск, Красный пр. 46 (313) ;Удален;;;;;;;Ростелеком
3942293309;СИББ 8591  г.Кызыл, ул.Кочетова, 34А Специалист по работе с персоналом Центра развития талантов HR-Блока Сибирского банка (УРМ г Кызыл). Единственная связующая точка.;Используется;;;;;;;Тывасвязьинформ
3832698407;СИББ 8047  г.Новосибирск, Красный пр., 46(308) ;Удален;;;;;;;Ростелеком
3832698486;СИББ 8047  г.Новосибирск, Красный пр., 46(308) ;Удален;;;;;;;Ростелеком
3852388090;СИББ 8644  г.Барнаул, пр. Красноармейский, 77Б (504) ;Удален;;;;;;;Ростелеком
3852388091;СИББ 8644  г.Барнаул, пр. Красноармейский, 77Б (504) ;Удален;;;;;;;Ростелеком
3852399472;СИББ 8644  г.Барнаул, пр. Красноармейский, 77Б (504) ;Удален;;;;;;;Ростелеком
3852379983;СИББ 8644  г.Барнаул, пр. Красноармейский, 77Б (504) ;Удален;;;;;;;Ростелеком
3852379985;СИББ 8644  г.Барнаул, пр. Красноармейский, 77Б (504) ;Удален;;;;;;;Ростелеком
3912989444;"СИББ 8646  г.Красноярск, пр. Свободный, 46 Отдел подбора и адаптации персонала Центра развития талантов (на правах управления) Сибирского банка 
В нашем подразделении имеются 2 городских номера телефонов, которые более 5 лет фигурируют во всех социальных службах, центрах занятости, ВУЗах и у широкой сети соискателей. Также эти контакы указаны во всех объявлениях в широкой (сформированной за годы работы ) сети контактов различных интересных Сбербанку организациях Красноярского края. Кроме того, простые обыватели скептически настроены к номерам 8 800... и расцениваются ими как массовые рассылки (спам). Переход на общие номера прогнозирует нам риск потери кандидатов.";Используется;;;;;;;Ростелеком
3912989708;СИББ 8646  г.Красноярск, пр. Свободный, 46 ;Удален;;;;;;;Ростелеком
3822265399;СИББ 8616  г.Томск, пр. Фрунзе, 90/1 Группа по работе с персоналом Центра развития талантов Сибирского банка. Данный номер заявлен на сайтах для кандидатов, требуется рекрутерам для подбора персонала.;Используется;;;;;;;Ростелеком
3902249023;СИББ 8602  г.Абакан, ул. Пушкина, 165 Группа по работе с персоналом Центра развития талантов Сибирского банка. Данный номер заявлен на сайтах для кандидатов, требуется рекрутерам для подбора персонала на всей территроии Республики Хакасия и юга Красноярского края.;Используется;;;;;;;Ростелеком
3902249205;СИББ 8602  г.Абакан, ул. Пушкина, 165 ;Удален;;;;;;;Ростелеком
3902249239;СИББ 8602  г.Абакан, ул. Пушкина, 165 ;Удален;;;;;;;Ростелеком
3833582443;СИББ 8047  г.Новосибирск, мкр. Горский, 66 ;Удален;;;;;;;Ростелеком
3833582525;СИББ 8047  г.Новосибирск, мкр. Горский, 66 Номер используется Бизнес-партнером по управлению персоналом Новосибирского отделения, который также является председателем профсоюза, а также проведения консультационной работы по направлениям HR с внешними и внутренними клиентами, в т.ч. сторонними организациями - партнерами банка..;Используется;;;;;;;Ростелеком
3833582526;СИББ 8047  г.Новосибирск, мкр. Горский, 66 ;Удален;;;;;;;Ростелеком
3833582518;СИББ 8047  г.Новосибирск, мкр. Горский, 66 Номер используется для консультационной работы по направлениям HR с внешними и внутренними клиентами, в т.ч. сторонними организациями - партнерами банка..;Используется;;;;;;;Ростелеком
3833582516;СИББ 8047  г.Новосибирск, мкр. Горский, 66 ;Удален;;;;;;;Ростелеком
3912919568;СИББ 8646  г. Красноярск, пр. Свободный, 46 ;Удален;;;;;;;Ростелеком
3832122547;СИББ ТБ  г. Новосибирск, ул. Серебренниковская 20 ;Удален;;;;;;;Ростелеком
3832122105;СИББ ТБ  г. Новосибирск, ул. Серебренниковская 20 ;Удален;;;;;;;Т2 Мобайл
3832122416;СИББ ТБ  г. Новосибирск, ул. Серебренниковская 20 ;Удален;;;;;;;Т2 Мобайл
3832122422;СИББ ТБ  г. Новосибирск, ул. Серебренниковская 20 ;Удален;;;;;;;Т2 Мобайл
3832122150;СИББ ТБ  г. Новосибирск, ул. Серебренниковская 20 ;Удален;;;;;;;Т2 Мобайл
3833197026;СИББ ТБ  630007 г.НОВОСИБИРСК ул.СЕРЕБРЕННИКОВСКАЯ д.20 ;Удален;;;;;;;ТТК
3833736227;СИББ МСЦ  г. Новосибирск, пр-т Димитрова, 2 ;Удален;;;;;;;Авантел
3832122081;СИББ ТБ  г. Новосибирск, ул. Серебренниковская 20 ;Удален;;;;;;;Т2 Мобайл
3832122841;СИББ ТБ  г. Новосибирск, ул. Серебренниковская 20 ;Удален;;;;;;;Ростелеком
3832122099;СИББ ТБ  г. Новосибирск, ул. Серебренниковская 20 ;Удален;;;;;;;Т2 Мобайл
3832122830;СИББ ТБ  г. Новосибирск, ул. Серебренниковская 20 ;Удален;;;;;;;Ростелеком
3833195377;СИББ ТБ  630007 г.НОВОСИБИРСК ул.СЕРЕБРЕННИКОВСКАЯ д.20 ;Удален;;;;;;;ТТК
3833736223;СИББ МСЦ  г. Новосибирск, пр-т Димитрова, 2 ;Удален;;;;;;;Авантел
3833736224;СИББ МСЦ  г. Новосибирск, пр-т Димитрова, 2 ;Удален;;;;;;;Авантел
3832122331;СИББ ТБ  г. Новосибирск, ул. Серебренниковская 20 ;Удален;;;;;;;Т2 Мобайл
3833736222;СИББ МСЦ  г. Новосибирск, пр-т Димитрова, 2 ;Удален;;;;;;;Авантел
3833736215;СИББ МСЦ  г. Новосибирск, пр-т Димитрова, 2 ;Удален;;;;;;;Авантел
3833736221;СИББ МСЦ  г. Новосибирск, пр-т Димитрова, 2 ;Удален;;;;;;;Авантел
3832122050;СИББ ТБ  г. Новосибирск, ул. Серебренниковская 20 Управление сопровождения и контроля операций по оплате труда Отдел расчетов с персоналом №2. Взаимодействие с внутренними и внешними (уволенными сотрудниками, сотрудниками, которые находятся в декрете) клиентами обслуживаемых банков по вопросам   выплаты пособий за счет средств ФСС..;Используется;;;;;;;Т2 Мобайл
3833193032;СИББ МСЦ  г. Новосибирск, пр-т Димитрова, 2 Управление сопровождения и контроля операций по оплате труда Отдел расчетов с персоналом №2. Взаимодействие с внутренними и внешними (уволенными сотрудниками, сотрудниками, которые находятся в декрете) клиентами обслуживаемых банков по вопросам   выплаты пособий за счет средств ФСС..;Используется;;;;;;;ТТК
3833192306;СИББ МСЦ  г. Новосибирск, пр. Димитрова, 2 ;Удален;;;;;;;Зап-СибТранстелеком
3833193084;СИББ МСЦ  г. Новосибирск, пр-т Димитрова, 2 ;Удален;;;;;;;ТТК
3833192405;СИББ МСЦ  г. Новосибирск, пр. Димитрова, 2 ;Удален;;;;;;;Зап-СибТранстелеком
3833193008;СИББ МСЦ  г. Новосибирск, пр-т Димитрова, 2 ;Удален;;;;;;;ТТК
3833193097;СИББ МСЦ  г. Новосибирск, пр-т Димитрова, 2 ;Удален;;;;;;;ТТК
3833193099;СИББ МСЦ  г. Новосибирск, пр-т Димитрова, 2 ;Удален;;;;;;;ТТК
3833193077;СИББ МСЦ  г. Новосибирск, пр-т Димитрова, 2 ;Удален;;;;;;;ТТК
3833192770;СИББ МСЦ  г. Новосибирск, пр. Димитрова, 2 ;Удален;;;;;;;Зап-СибТранстелеком
3832698402;СИББ 8047  Г.Новосибирск, Красный пр. 46 (301) ;Удален;;;;;;;Ростелеком
4212918104;"ДВБ  Управление организационно кадровой экспертизы и вознаграждения
Отдел кадровой экспертизы г.Хабаровск, ул.Гамарника 12 Подразделение взаимодействует как с внутренними так и со внешними клиентами по вопросам кадровой экспертизы, отчетности, функционала HR";Используется;;;;;;;ТТК
4212918113;"ДВБ  Управление организационно кадровой экспертизы и вознаграждения
Отдел вознаграждения г.Хабаровск, ул.Гамарника 12 Подразделение взаимодействует как с внутренними так и со внешними клиентами по вопросам вознаграждения, расчета премии, функционала HR.";Используется;;;;;;;ТТК
4212918112;"ДВБ  Управление организационно кадровой экспертизы и вознаграждения
Сектор корпоративных льгот г.Хабаровск, ул.Гамарника 12 Подразделение взаимодействует как с внутренними так и со внешними клиентами-провайдерами услуг ДМС, КПП по вопросам ДМС, Корпоративной пенсионной программы, поставщиками услуг корп.мероприятий, а так же в рамках функционала HR";Используется;;;;;;;ТТК
4212918111;ДВБ  ПЦП HR администрирования, УРМ г.Хабаровск, ул.Гамарника 12 Подразделение взаимодействует как с внутренними так и со внешними клиентами по вопросам организационно- кадрового администрирования, оформления трудоустройства сотрудников, отчетности, функционала HR;Используется;;;;;;;ТТК
3472799468;УБ Республика Башкортостан Сектор вознаграждения и корпоративных льгот Уфа , ул.  РИХАРДА ЗОРГЕ,5 ;Удален;;;;;;;Башинформсвязь
3472799465;УБ Республика Башкортостан Сектор вознаграждения и корпоративных льгот Уфа , ул.  РИХАРДА ЗОРГЕ,5 ;Удален;;;;;;;Башинформсвязь
3472796896;УБ Республика Башкортостан Сектор вознаграждения и корпоративных льгот Уфа , ул.  РИХАРДА ЗОРГЕ,5 ;Удален;;;;;;;Башинформсвязь
3472796832;УБ Республика Башкортостан Сектор вознаграждения и корпоративных льгот Уфа , ул.  РИХАРДА ЗОРГЕ,5 ;Удален;;;;;;;Башинформсвязь
4212911743;ДВБ  Центр развития талантов (на правах управления) г. Хабаровск, ул. Гамарника 12, каб 707 Необходимость данного номера городского телефона обусловлена тем, что он является единственной связью с внешними кандидатами на весь сектор подбора и адаптации ЦРТ;Используется;;;;;;;ТТК
4212597035;ДВБ  Центр развития талантов (на правах управления) г. Хабаровск, ул. Гамарника 12, каб 701 ;Удален;;;;;;;Ростелеком
4212794026;ДВБ  Центр развития талантов (на правах управления) г. Хабаровск, ул. Гамарника 12, каб 701 ;Удален;;;;;;;Оранж Бизнес Сервисез
8632878672;ЮЗБ Ростовский ГОСБ (5221) РГОСБ № 5221 Сектор подбора и карьерного развития управления по работе с персоналом г. Ростов-на-Дону. ул. Текучева, 139/94. ;Удален;;;;;;;Ростелеком
4212305156;ДВБ  Учебный центр ЦРТ г. Хабаровск г. Хабаровск, ул. Ленина 72а ;Удален;;;;;;;Ростелеком
4212305587;ДВБ  Учебный центр ЦРТ г. Хабаровск г. Хабаровск, ул. Ленина 72а Взаимодействие с внешними провайдеарми обучения, федеральными и городскими органами управления и контроля в части организации обучения согласно законодательства РФ, взаимодействие с сотрудниками сбербанка на удаленных территориях, где нет внутренней связи ;Используется;;;;;;;Ростелеком
4132690448;ДВБ  Сектор обучения бизнес -навыками г. Магадан г. Магадан, ул. Пушкина 11/11 ;Удален;;;;;;;Ростелеком
4232648317;ДВБ  Сектор обучения бизнес -навыками г. Владивосток г. Владивосток, о. Русский Взаимодействие с внешними провайдеарми обучения, федеральными и городскими органами управления и контроля в части организации обучения согласно законодательства РФ, взаимодействие с сотрудниками сбербанка на удаленных территориях, где нет внутренней связи ;Используется;;;;;;;Ростелеком
